{
	"info": {
		"_postman_id": "6515717c-309d-4330-9beb-3eee7dfd7d4b",
		"name": "TPintegralPostman",
		"schema": "https://schema.getpostman.com/json/collection/v2.1.0/collection.json",
		"_exporter_id": "23755725"
	},
	"item": [
		{
			"name": "getAll",
			"request": {
				"method": "GET",
				"header": []
			},
			"response": [
				{
					"name": "Example",
					"originalRequest": {
						"method": "GET",
						"header": [],
						"url": {
							"raw": "https://localhost:7091/api/Libroes",
							"protocol": "https",
							"host": [
								"localhost"
							],
							"port": "7091",
							"path": [
								"api",
								"Libroes"
							]
						}
					},
					"status": "OK",
					"code": 200,
					"_postman_previewlanguage": "json",
					"header": [
						{
							"key": "Content-Type",
							"value": "application/json; charset=utf-8"
						},
						{
							"key": "Date",
							"value": "Mon, 14 Nov 2022 00:04:58 GMT"
						},
						{
							"key": "Server",
							"value": "Kestrel"
						},
						{
							"key": "Transfer-Encoding",
							"value": "chunked"
						}
					],
					"cookie": [],
					"body": "[\n    {\n        \"idLibros\": 1,\n        \"nombre\": \"las mil y una \",\n        \"autor\": \"Juan\",\n        \"editorial\": \"Eterno perreke\",\n        \"precio\": 233,\n        \"comentarios\": \"Librazo\",\n        \"idGenero\": 3,\n        \"idOrigen\": 1,\n        \"oGenero\": null,\n        \"oOrigen\": null\n    },\n    {\n        \"idLibros\": 4,\n        \"nombre\": \"Todos Los fuegos el fuego\",\n        \"autor\": \"Cortazar\",\n        \"editorial\": \"Eterna Cadencia\",\n        \"precio\": 122,\n        \"comentarios\": \"Excelente Libro\",\n        \"idGenero\": 9,\n        \"idOrigen\": null,\n        \"oGenero\": null,\n        \"oOrigen\": null\n    }\n]"
				}
			]
		},
		{
			"name": "getByID",
			"request": {
				"method": "GET",
				"header": []
			},
			"response": [
				{
					"name": "Example",
					"originalRequest": {
						"method": "GET",
						"header": [],
						"url": {
							"raw": "https://localhost:7091/api/Libroes/1",
							"protocol": "https",
							"host": [
								"localhost"
							],
							"port": "7091",
							"path": [
								"api",
								"Libroes",
								"1"
							]
						}
					},
					"status": "OK",
					"code": 200,
					"_postman_previewlanguage": "json",
					"header": [
						{
							"key": "Content-Type",
							"value": "application/json; charset=utf-8"
						},
						{
							"key": "Date",
							"value": "Mon, 14 Nov 2022 00:06:09 GMT"
						},
						{
							"key": "Server",
							"value": "Kestrel"
						},
						{
							"key": "Transfer-Encoding",
							"value": "chunked"
						}
					],
					"cookie": [],
					"body": "{\n    \"idLibros\": 1,\n    \"nombre\": \"las mil y una \",\n    \"autor\": \"Juan\",\n    \"editorial\": \"Eterno perreke\",\n    \"precio\": 233,\n    \"comentarios\": \"Librazo\",\n    \"idGenero\": 3,\n    \"idOrigen\": 1,\n    \"oGenero\": null,\n    \"oOrigen\": null\n}"
				}
			]
		},
		{
			"name": "POST",
			"request": {
				"method": "GET",
				"header": []
			},
			"response": [
				{
					"name": "Example",
					"originalRequest": {
						"method": "POST",
						"header": [],
						"body": {
							"mode": "raw",
							"raw": "{\"Nombre\":\"Eterna verdad\",\"Autor\":\"Juan\",\"Editorial\":\"Uvas\",\"Precio\":22,\"Comentarios\":\"Una Obra Literaria\",\"IdGenero\":5,\"IdOrigen\":1}",
							"options": {
								"raw": {
									"language": "json"
								}
							}
						},
						"url": {
							"raw": "https://localhost:7091/api/Libroes",
							"protocol": "https",
							"host": [
								"localhost"
							],
							"port": "7091",
							"path": [
								"api",
								"Libroes"
							]
						}
					},
					"status": "Created",
					"code": 201,
					"_postman_previewlanguage": "json",
					"header": [
						{
							"key": "Content-Type",
							"value": "application/json; charset=utf-8"
						},
						{
							"key": "Date",
							"value": "Mon, 14 Nov 2022 00:09:52 GMT"
						},
						{
							"key": "Server",
							"value": "Kestrel"
						},
						{
							"key": "Location",
							"value": "https://localhost:7091/api/Libroes/7"
						},
						{
							"key": "Transfer-Encoding",
							"value": "chunked"
						}
					],
					"cookie": [],
					"body": "{\n    \"idLibros\": 7,\n    \"nombre\": \"Eterna verdad\",\n    \"autor\": \"Juan\",\n    \"editorial\": \"Uvas\",\n    \"precio\": 22,\n    \"comentarios\": \"Una Obra Literaria\",\n    \"idGenero\": 5,\n    \"idOrigen\": 1,\n    \"oGenero\": null,\n    \"oOrigen\": null\n}"
				}
			]
		},
		{
			"name": "Delete",
			"request": {
				"method": "GET",
				"header": []
			},
			"response": [
				{
					"name": "Example",
					"originalRequest": {
						"method": "DELETE",
						"header": [],
						"url": {
							"raw": "https://localhost:7091/api/Libroes/7",
							"protocol": "https",
							"host": [
								"localhost"
							],
							"port": "7091",
							"path": [
								"api",
								"Libroes",
								"7"
							]
						}
					},
					"status": "No Content",
					"code": 204,
					"_postman_previewlanguage": "plain",
					"header": [
						{
							"key": "Date",
							"value": "Mon, 14 Nov 2022 00:12:15 GMT"
						},
						{
							"key": "Server",
							"value": "Kestrel"
						}
					],
					"cookie": [],
					"body": null
				}
			]
		}
	]
}